source_list_slug,record_id,area,publication_time_text,year,title,authors,venue_pages,doi,link_primary,link_secondary,abstract_en_paraphrase,abstract_ja_summary,source_note,citation_key,note_file,subsystem,method_family,geometry,shielding_type,scanner_context,low_field_relevance,priority,access_status,acquisition_status,verification_status,kb_targets
gradient-and-shim-coil-design-papers-since-1990,G01,Gradient,1991 Jan,1991,Gradient coil design using active magnetic screening,R. Bowtell; P. Mansfield,"Magnetic Resonance in Medicine, 17(1), 15–19",10.1002/mrm.1910170105,https://doi.org/10.1002/mrm.1910170105,https://pubmed.ncbi.nlm.nih.gov/2067392/,"This paper formulates active magnetic screening for gradient coils. It describes how a second, actively driven coil can cancel external fringe fields so that switching gradients are decoupled from surrounding conducting structures, reducing eddy-current artifacts. The authors discuss design principles for screened coils and the construction issues that arise when the primary and shield systems must be co-optimized.",勾配コイルの能動磁気遮蔽を定式化した論文です。二次側の能動シールドコイルで外部漏洩磁場を打ち消し、周囲導体との結合と渦電流アーチファクトを低減する設計原理を述べています。一次コイルとシールドコイルを同時に成立させる際の設計上・製作上の問題も扱っています。,,Bowtell1991GradientActiveMagneticScreening,literature/paper-notes/imported/gradient-and-shim-coil-design-papers-since-1990/1991-bowtell-gradient-active-magnetic-screening.md,gradient,active-shielding,unspecified,active-shielding,general-mri,background,P2,unknown,not-needed,source-located,kb/hardware/design-methods.md;kb/hardware/gradients.md;kb/hardware/shielding.md
gradient-and-shim-coil-design-papers-since-1990,G02,Gradient,1991 Sep,1991,Coil optimization for MRI by conjugate gradient descent,E. C. Wong; A. Jesmanowicz; J. S. Hyde,"Magnetic Resonance in Medicine, 21(1), 39–48",10.1002/mrm.1910210107,https://doi.org/10.1002/mrm.1910210107,https://pubmed.ncbi.nlm.nih.gov/1943670/,"The authors introduce a flexible iterative optimization framework for MRI coil design using discrete current elements and Biot–Savart field calculations. A user-defined error function over the region of interest is minimized by conjugate-gradient descent. The method can include field uniformity, efficiency, inductance, and power-related objectives without being restricted to simple cylindrical or planar geometries.",離散電流要素と Biot–Savart 則に基づき、MRI コイル設計を共役勾配法で最適化する枠組みを示した論文です。関心領域内の誤差関数を定義し、均一性、効率、インダクタンス、消費電力などを目的関数・制約として扱えます。単純な円筒面や平面に限定されない点が重要です。,,Wong1991OptimizationConjugateGradientDescent,literature/paper-notes/imported/gradient-and-shim-coil-design-papers-since-1990/1991-wong-optimization-conjugate-gradient-descent.md,gradient,conjugate-gradient,planar,none-or-unspecified,general-mri,background,P2,unknown,not-needed,source-located,kb/hardware/design-methods.md;kb/hardware/gradients.md
gradient-and-shim-coil-design-papers-since-1990,G03,Gradient,1992 Aug,1992,Design and evaluation of shielded gradient coils,J. W. Carlson; K. A. Derby; K. C. Hawryszko; M. Weideman,"Magnetic Resonance in Medicine, 26(2), 191–206",10.1002/mrm.1910260202,https://doi.org/10.1002/mrm.1910260202,,"This work presents design and experimental evaluation methods for actively shielded gradient coils. It compares predicted and measured coil behavior and addresses the practical tradeoffs among gradient linearity, efficiency, inductance, and external-field suppression. The paper is one of the early post-1990 references that connects shielded-gradient theory with implementable MRI hardware.",能動シールド勾配コイルの設計と実験評価を扱った初期の重要論文です。勾配線形性、効率、インダクタンス、外部漏洩磁場抑制のトレードオフを、予測値と実測値の比較を通して検討しています。遮蔽勾配理論を実装可能な MRI ハードウェアへ結びつけた文献です。,,Carlson1992EvaluationShieldedGradient,literature/paper-notes/imported/gradient-and-shim-coil-design-papers-since-1990/1992-carlson-evaluation-shielded-gradient.md,gradient,other,unspecified,active-shielding,general-mri,background,P2,unknown,not-needed,source-located,kb/hardware/design-methods.md;kb/hardware/gradients.md;kb/hardware/shielding.md
gradient-and-shim-coil-design-papers-since-1990,G04,Gradient,1992 Jul,1992,Minimum energy MRI gradient coils of general geometry,S. Pissanetzky,"Measurement Science and Technology, 3(7), 667–673",10.1088/0957-0233/3/7/007,https://doi.org/10.1088/0957-0233/3/7/007,https://www.researchgate.net/publication/230980431_Minimum_Energy_MRI_Gradient_Coils_of_General_Geometry,"A general minimum-energy method is proposed for MRI gradient coils on arbitrary geometries. The formulation permits constraints such as finite cylinder length, finite planar support, current-free slots, eddy-current effects, and shielded or double-shielded structures. The optimization minimizes magnetic energy after these effects are included, yielding lower-energy and lower-inductance designs than comparable previous approaches.",任意形状の MRI 勾配コイルを最小エネルギーで設計する一般手法を提案しています。有限長円筒、有限平面、電流禁止領域、渦電流、シールドおよび二重シールドを制約として扱えます。これらを含めた後で磁気エネルギーを最小化し、従来設計より低エネルギー・低インダクタンスの勾配コイルを得ることを狙います。,,Pissanetzky1992MinimumEnergyGradientGeneralGeometry,literature/paper-notes/imported/gradient-and-shim-coil-design-papers-since-1990/1992-pissanetzky-minimum-energy-gradient-general-geometry.md,gradient,minimum-energy,planar,shielded-design,general-mri,background,P2,unknown,not-needed,source-located,kb/hardware/design-methods.md;kb/hardware/gradients.md;kb/hardware/shielding.md
gradient-and-shim-coil-design-papers-since-1990,G05,Gradient,1993,1993,Gradient coil design: A review of methods,R. Turner,"Magnetic Resonance Imaging, 11(7), 903–920",10.1016/0730-725X(93)90209-V,https://doi.org/10.1016/0730-725X%2893%2990209-V,https://www.sciencedirect.com/science/article/pii/0730725X9390209V,"This review organizes MRI gradient-coil design methods into discrete-wire and continuous-current-density approaches. It discusses field linearity, inductance, power dissipation, efficiency, low fringe fields, and active shielding. The paper is a useful map of the target-field, constrained-inductance, and constrained-power design literature up to the early 1990s.",MRI 勾配コイル設計法を、離散ワイヤ法と連続電流密度法に整理した総説です。線形性、インダクタンス、消費電力、効率、漏洩磁場、能動遮蔽を比較しています。ターゲットフィールド法、制約付きインダクタンス最小化、制約付き電力最小化を理解するための基礎文献です。,,Turner1993GradientReview,literature/paper-notes/imported/gradient-and-shim-coil-design-papers-since-1990/1993-turner-gradient-review.md,gradient,review,unspecified,active-shielding,general-mri,bridge,P1,unknown,candidate,source-located,kb/hardware/design-methods.md;kb/hardware/gradients.md;kb/hardware/shielding.md
gradient-and-shim-coil-design-papers-since-1990,G06,Gradient,1994,1994,Biplanar gradient coil design by simulated annealing,T. M. Peters; R. Bowtell,"Magnetic Resonance Materials in Physics, Biology and Medicine, 2, 387–389",10.1007/BF01705279,https://doi.org/10.1007/BF01705279,https://link.springer.com/article/10.1007/BF01705279,"The paper applies simulated annealing to the direct design of biplanar gradient coils for NMR microscopy. Instead of first solving for a continuous stream function, it optimizes wire positions directly with respect to homogeneity, efficiency, and power-related criteria. The study demonstrates the method for biplanar x- and z-gradient coils.",NMR 顕微鏡用のバイプラナ勾配コイルを、シミュレーテッドアニーリングで直接設計する方法です。連続 stream function を先に求めるのではなく、ワイヤ位置を直接最適化し、均一性、効率、電力に関する指標を評価します。x 勾配および z 勾配のバイプラナコイル設計例を示しています。,,Peters1994BiplanarGradientSimulatedAnnealing,literature/paper-notes/imported/gradient-and-shim-coil-design-papers-since-1990/1994-peters-biplanar-gradient-simulated-annealing.md,gradient,stream-function,biplanar,none-or-unspecified,general-mri,background,P2,unknown,not-needed,source-located,kb/hardware/design-methods.md;kb/hardware/gradients.md
gradient-and-shim-coil-design-papers-since-1990,G07,Gradient,1995,1995,"A design methodology for short, whole-body, shielded gradient coils for MRI",S. Crozier; D. M. Doddrell,"Magnetic Resonance Imaging, 13(4), 615–620",10.1016/0730-725X(95)00001-W,https://doi.org/10.1016/0730-725X%2895%2900001-W,https://www.sciencedirect.com/science/article/abs/pii/0730725X9500001W,"This paper uses real-space simulated annealing to design short whole-body shielded gradient coils. It emphasizes restricted-length systems, remote return paths, and the need to maintain a useful homogeneous gradient region while reducing external fields. The approach is relevant for compact or short-bore gradient systems.",短尺の全身用シールド勾配コイルを、実空間のシミュレーテッドアニーリングで設計する方法を示しています。制限長、リターンパス配置、有効な均一勾配領域、漏洩磁場低減の同時成立が主題です。短ボアやコンパクトな勾配系に関係する設計論です。,,Crozier1995MethodologyShortWholeBodyShielded,literature/paper-notes/imported/gradient-and-shim-coil-design-papers-since-1990/1995-crozier-methodology-short-whole-body-shielded.md,gradient,simulated-annealing,whole-body,shielded-design,general-mri,background,P2,unknown,not-needed,source-located,kb/hardware/design-methods.md;kb/hardware/gradients.md;kb/hardware/shielding.md
gradient-and-shim-coil-design-papers-since-1990,G08,Gradient,1995,1995,Low inductance transverse gradient system of restricted length,S. Crozier et al.,"Magnetic Resonance Imaging, 13(4), 607–613",10.1016/0730-725X(95)00002-X,https://doi.org/10.1016/0730-725X%2895%2900002-X,https://www.sciencedirect.com/science/article/abs/pii/0730725X9500002X,"A restricted-length transverse gradient assembly is designed to provide a large usable region while keeping inductance low. The authors present a prototype and compare measured behavior with simulations. The design targets applications that require fast switching, such as head, animal, or microimaging MRI/NMR systems.",制限長の横方向勾配コイル系について、大きな使用可能領域と低インダクタンスを両立する設計を示しています。試作機を製作し、シミュレーションと測定を比較しています。高速スイッチングが必要な頭部、動物、NMR マイクロイメージング向けの設計として位置づけられます。,,Crozier1995LowInductanceTransverseGradientSystem,literature/paper-notes/imported/gradient-and-shim-coil-design-papers-since-1990/1995-crozier-low-inductance-transverse-gradient-system.md,gradient,other,unspecified,none-or-unspecified,general-mri,background,P2,unknown,not-needed,source-located,kb/hardware/design-methods.md;kb/hardware/gradients.md
gradient-and-shim-coil-design-papers-since-1990,G09,Gradient,1997 Nov,1997,Planar gradient coil design by scaling the spatial frequencies of minimum-inductance current density,S. Y. Lee; B. S. Park; J. H. Yi; W. Yi,"Magnetic Resonance in Medicine, 38(5), 858–861",10.1002/mrm.1910380525,https://doi.org/10.1002/mrm.1910380525,https://pubmed.ncbi.nlm.nih.gov/9358463/,"Minimum-inductance design can strongly reduce stored magnetic energy, but planar gradient coils obtained this way may have poor field linearity. This paper improves planar-coil linearity by scaling spatial frequencies in the current-density function. The result is a better figure of merit with only a small penalty in inductance.",最小インダクタンス設計は磁気エネルギーを下げられますが、平面勾配コイルでは線形性が悪化する場合があります。本論文は電流密度関数の空間周波数をスケーリングして線形性を改善します。わずかなインダクタンス増加と引き換えに、平面勾配コイルの性能指標を改善する方法です。,,Lee1997PlanarGradientScalingSpatialFrequencies,literature/paper-notes/imported/gradient-and-shim-coil-design-papers-since-1990/1997-lee-planar-gradient-scaling-spatial-frequencies.md,gradient,other,planar,none-or-unspecified,general-mri,background,P2,unknown,not-needed,source-located,kb/hardware/design-methods.md;kb/hardware/gradients.md
gradient-and-shim-coil-design-papers-since-1990,G10,Gradient,1997,1997,Design of a biplanar gradient coil using a genetic algorithm,B. J. Fisher et al.,"Magnetic Resonance Imaging, 15(3), 369–376",10.1016/S0730-725X(96)00371-2,https://doi.org/10.1016/S0730-725X%2896%2900371-2,https://www.sciencedirect.com/science/article/pii/S0730725X96003712,"The authors design a biplanar z-gradient coil by genetic algorithm optimization and compare its efficiency with a conventional Maxwell arrangement. The design is evaluated over a cuboid optimized region, and additional data are provided for transverse gradient coils. The paper illustrates how evolutionary optimization can handle unconventional biplanar gradient layouts.",遺伝的アルゴリズムでバイプラナ z 勾配コイルを設計し、Maxwell 型配置との効率比較を行っています。直方体の最適化領域で性能を評価し、横方向勾配セットの設計データも示しています。非標準的なバイプラナ配置を進化的最適化で扱う例です。,,Fisher1997BiplanarGradientGeneticAlgorithm,literature/paper-notes/imported/gradient-and-shim-coil-design-papers-since-1990/1997-fisher-biplanar-gradient-genetic-algorithm.md,gradient,genetic-algorithm,biplanar,none-or-unspecified,general-mri,background,P2,unknown,not-needed,source-located,kb/hardware/design-methods.md;kb/hardware/gradients.md
gradient-and-shim-coil-design-papers-since-1990,G11,Gradient,1998 Apr,1998,Multilayer Gradient Coil Design,R. Bowtell; P. Robyr,"Journal of Magnetic Resonance, 131(2), 286–294",10.1006/jmre.1998.1369,https://doi.org/10.1006/jmre.1998.1369,https://www.sciencedirect.com/science/article/pii/S1090780798913696,"The paper extends cylindrical gradient design to multiple radial layers. By allowing windings to spread over increasing radii, it improves the resistance–efficiency scaling that limits very strong single-layer gradients. A four-layer z-gradient coil is designed, built, and tested, demonstrating strong gradients with acceptable resistance and inductance.",円筒勾配コイルを多層巻線へ拡張する設計論文です。巻線を複数半径に分散させることで、単層コイルで問題となる抵抗と効率のスケーリングを改善します。4 層 z 勾配コイルを設計・製作・評価し、高強度勾配を現実的な抵抗とインダクタンスで実現できることを示しています。,,Bowtell1998MultilayerGradient,literature/paper-notes/imported/gradient-and-shim-coil-design-papers-since-1990/1998-bowtell-multilayer-gradient.md,gradient,other,cylindrical,none-or-unspecified,general-mri,background,P2,unknown,not-needed,source-located,kb/hardware/design-methods.md;kb/hardware/gradients.md
gradient-and-shim-coil-design-papers-since-1990,G12,Gradient,1998 Feb,1998,Constrained length minimum inductance gradient coil design,B. A. Chronik; B. K. Rutt,"Magnetic Resonance in Medicine, 39(2), 270–278",10.1002/mrm.1910390214,https://doi.org/10.1002/mrm.1910390214,https://pubmed.ncbi.nlm.nih.gov/9469710/,This paper modifies the minimum-inductance target-field method so that explicit constraints can be placed on the final current density and on the position of the homogeneous ROI relative to the winding surface. It gives implementation equations and examples for central and edge-of-cylinder regions. The method is useful for short or specialized magnet geometries.,最小インダクタンス・ターゲットフィールド法を拡張し、最終的な電流密度や、巻線面に対する均一 ROI の位置に制約を課せるようにしています。実装に必要な式と、中央 ROI および円筒端部 ROI の設計例を示します。短尺磁石や特殊形状磁石向けの勾配設計に有用です。,,Chronik1998ConstrainedLengthMinimumInductanceGradient,literature/paper-notes/imported/gradient-and-shim-coil-design-papers-since-1990/1998-chronik-constrained-length-minimum-inductance-gradient.md,gradient,target-field,unspecified,none-or-unspecified,general-mri,background,P2,unknown,not-needed,source-located,kb/hardware/design-methods.md;kb/hardware/gradients.md
gradient-and-shim-coil-design-papers-since-1990,G13,Gradient,1999 Jun,1999,Design of biplanar gradient coils for magnetic resonance imaging of the human torso and limbs,G. B. Wills et al.,"Magnetic Resonance Imaging, 17(5), 739–754",10.1016/S0730-725X(99)00012-0,https://doi.org/10.1016/S0730-725X%2899%2900012-0,https://www.sciencedirect.com/science/article/abs/pii/S0730725X99000120,A biplanar gradient design method is presented for imaging body parts that benefit from open access. The method superposes Biot–Savart fields from individual current elements and uses a genetic algorithm to explore coil shapes. A two-axis biplanar gradient set for torso and limb imaging is reported.,開放アクセスが有利な体幹・四肢 MRI 用のバイプラナ勾配コイル設計を扱います。個別電流要素の Biot–Savart 磁場を重ね合わせ、遺伝的アルゴリズムでコイル形状を探索します。体幹・四肢向けの 2 軸バイプラナ勾配セットを示しています。,,Wills1999BiplanarGradientMagneticResonanceImaging,literature/paper-notes/imported/gradient-and-shim-coil-design-papers-since-1990/1999-wills-biplanar-gradient-magnetic-resonance-imaging.md,gradient,genetic-algorithm,biplanar,none-or-unspecified,general-mri,background,P2,unknown,not-needed,source-located,kb/hardware/design-methods.md;kb/hardware/gradients.md
gradient-and-shim-coil-design-papers-since-1990,G14,Gradient,1999 Oct,1999,Fast optimization of a biplanar gradient coil set,D. Tomasi; E. C. Caparelli; H. Panepucci; B. Foerster,"Journal of Magnetic Resonance, 140(2), 325–339",10.1006/jmre.1999.1832,https://doi.org/10.1006/jmre.1999.1832,https://pubmed.ncbi.nlm.nih.gov/10497040/,"The authors accelerate simulated-annealing optimization for shielded biplanar gradient coils by using target-field-derived shielding conditions and analytic field expressions for simple geometries. Efficiency, inductance, homogeneity, and shielding are studied as functions of wire number. A prototype validates the calculated coil performance.",ターゲットフィールド法から得たシールド条件と単純形状の解析的磁場式を利用し、バイプラナ・シールド勾配コイルのシミュレーテッドアニーリングを高速化しています。ワイヤ本数に対する効率、インダクタンス、均一性、遮蔽性能を評価し、試作機で理論値との整合を確認しています。,,Tomasi1999FastOptimizationBiplanarGradientSet,literature/paper-notes/imported/gradient-and-shim-coil-design-papers-since-1990/1999-tomasi-fast-optimization-biplanar-gradient-set.md,gradient,target-field,biplanar,shielded-design,general-mri,background,P2,unknown,not-needed,source-located,kb/hardware/design-methods.md;kb/hardware/gradients.md;kb/hardware/shielding.md
gradient-and-shim-coil-design-papers-since-1990,G15,Gradient,2001 Jan,2001,Application of the SUSHI method to the design of gradient coils,S. M. Shvartsman et al.,"Magnetic Resonance in Medicine, 45(1), 147–155",10.1002/1522-2594(200101)45:1<147::AID-MRM1019>3.0.CO;2-B,https://doi.org/10.1002/1522-2594%28200101%2945:1%3C147::AID-MRM1019%3E3.0.CO%3B2-B,https://pubmed.ncbi.nlm.nih.gov/11146496/,"The paper applies the SUSHI method, based on supershielding current conditions, to cylindrical gradient-coil design. The goal is stronger suppression of fields outside a finite-length active shield while preserving the target field in the imaging volume. The method improves shielding for short axial and transverse gradients, at the cost of higher current peaks and stored energy.",超遮蔽条件に基づく SUSHI 法を円筒勾配コイル設計へ適用した論文です。有限長の能動シールド外側の磁場を強く抑えつつ、撮像領域内のターゲット勾配場を保つことを目指します。短尺の軸方向・横方向勾配で遮蔽性能を改善しますが、電流ピークや磁気エネルギーが増えるトレードオフがあります。,,Shvartsman2001ApplicationSushiGradient,literature/paper-notes/imported/gradient-and-shim-coil-design-papers-since-1990/2001-shvartsman-application-sushi-gradient.md,gradient,other,cylindrical,none-or-unspecified,general-mri,background,P2,unknown,not-needed,source-located,kb/hardware/design-methods.md;kb/hardware/gradients.md;kb/hardware/shielding.md
gradient-and-shim-coil-design-papers-since-1990,G16,Gradient,2001 Mar,2001,Stream function optimization for gradient coil design,D. Tomasi,"Magnetic Resonance in Medicine, 45(3), 505–512",10.1002/1522-2594(200103)45:3<505::AID-MRM1066>3.0.CO;2-H,https://doi.org/10.1002/1522-2594%28200103%2945:3%3C505::AID-MRM1066%3E3.0.CO%3B2-H,https://pubmed.ncbi.nlm.nih.gov/11241709/,"This work parameterizes cylindrical gradient-coil current density by stream functions and optimizes them, combining target-field ideas with simulated annealing. It targets short self-shielded cylindrical gradients and compares performance with conventional target-field designs. The method can enlarge the homogeneous volume and reduce inductance for selected cases.",円筒勾配コイルの電流密度を stream function でパラメータ化し、ターゲットフィールド法とシミュレーテッドアニーリングを組み合わせて最適化します。短尺自己シールド円筒勾配を対象とし、従来のターゲットフィールド設計と比較しています。条件によっては均一体積の拡大とインダクタンス低減が得られます。,,Tomasi2001StreamFunctionOptimizationGradient,literature/paper-notes/imported/gradient-and-shim-coil-design-papers-since-1990/2001-tomasi-stream-function-optimization-gradient.md,gradient,stream-function,cylindrical,shielded-design,general-mri,background,P2,unknown,not-needed,source-located,kb/hardware/design-methods.md;kb/hardware/gradients.md;kb/hardware/shielding.md
gradient-and-shim-coil-design-papers-since-1990,G17,Gradient,2003 Dec,2003,Actively shielded multi-layer gradient coil designs with improved cooling properties,M. Poole; R. Bowtell et al.,"Journal of Magnetic Resonance, 165(2), 196–207",10.1016/j.jmr.2003.08.002,https://doi.org/10.1016/j.jmr.2003.08.002,https://www.sciencedirect.com/science/article/abs/pii/S1090780703002817,"The multilayer gradient concept is extended to actively shielded coils with improved cooling and resistance behavior. The design addresses the strong-gradient problem in small-bore MRI, where single-layer coils become resistance-limited. The work links electromagnetic optimization with practical thermal and winding constraints.",多層勾配コイル設計を、冷却性を改善した能動シールド構造へ拡張しています。小口径 MRI では単層コイルが抵抗で制約されるため、多層化とシールド化を組み合わせて強い勾配を実現する設計です。電磁場最適化と熱・巻線制約を結びつけています。,,Poole2003ActivelyShieldedMultiLayerGradient,literature/paper-notes/imported/gradient-and-shim-coil-design-papers-since-1990/2003-poole-actively-shielded-multi-layer-gradient.md,gradient,other,multilayer,active-shielding,general-mri,background,P2,unknown,not-needed,source-located,kb/hardware/design-methods.md;kb/hardware/gradients.md;kb/hardware/shielding.md
gradient-and-shim-coil-design-papers-since-1990,G18,Gradient,2005,2005,A stream function method for gradient coil design,R. A. Lemdiasov; R. Ludwig,"Concepts in Magnetic Resonance Part B, 26B(1), 67–80",10.1002/cmr.b.20040,https://doi.org/10.1002/cmr.b.20040,,"This paper formulates gradient-coil design as an inverse problem for a surface stream function. A Biot–Savart based cost function is defined on an arbitrary current-carrying surface, and suitable weighting and linearization reduce the problem to a matrix equation. The stream-function solution is then converted into discrete winding paths.",任意の電流担持面上の stream function を未知量とする逆問題として、勾配コイル設計を定式化しています。Biot–Savart 則に基づくコスト関数を重み付け・線形化し、行列方程式として解きます。得られた stream function から離散巻線パターンを抽出します。,,Lemdiasov2005StreamFunctionGradient,literature/paper-notes/imported/gradient-and-shim-coil-design-papers-since-1990/2005-lemdiasov-stream-function-gradient.md,gradient,stream-function,unspecified,none-or-unspecified,general-mri,background,P2,unknown,not-needed,source-located,kb/hardware/design-methods.md;kb/hardware/gradients.md
gradient-and-shim-coil-design-papers-since-1990,G19,Gradient,2007,2007,Novel gradient coils designed using a boundary element method,M. Poole; R. Bowtell,"Concepts in Magnetic Resonance Part B, 31B(3), 162–175",10.1002/cmr.b.20091,https://doi.org/10.1002/cmr.b.20091,,"The authors use a boundary element method to design gradient coils on arbitrarily shaped surfaces. The surface is meshed, current density is represented by stream functions, and the optimizer can target Maxwell-consistent field variations while including resistance, inductance, torque, or shielding-related terms. Examples include asymmetric and shielded gradient surfaces.",境界要素法を用いて、任意形状面上の勾配コイルを設計する方法です。表面メッシュ上で stream function により電流密度を表し、Maxwell 方程式と整合する目標場を生成します。抵抗、インダクタンス、トルク、遮蔽に関する項を含められ、非対称・シールド付き勾配面の設計例が示されます。,,Poole2007NovelGradientDesignedBoundaryElement,literature/paper-notes/imported/gradient-and-shim-coil-design-papers-since-1990/2007-poole-novel-gradient-designed-boundary-element.md,gradient,boundary-element,unspecified,shielded-design,general-mri,bridge,P1,unknown,candidate,source-located,kb/hardware/design-methods.md;kb/hardware/gradients.md;kb/hardware/shielding.md
gradient-and-shim-coil-design-papers-since-1990,G20,Gradient,2009 May,2009,3D Gradient coil design – Toroidal surfaces,P. T. While; L. K. Forbes; S. Crozier,"Journal of Magnetic Resonance, 198(1), 31–40",10.1016/j.jmr.2009.01.006,https://doi.org/10.1016/j.jmr.2009.01.006,https://www.sciencedirect.com/science/article/pii/S1090780709000123,This paper develops an inverse design method for transverse gradient coils on toroidal surfaces. The optimization combines field-error control with regularization terms related to power and practical winding behavior. It explores unshielded and shielded designs for whole-body and head-scale MRI.,トロイダル面上の横方向勾配コイルを逆問題として設計する方法です。磁場誤差と、電力・巻線実装性に関する正則化項を組み合わせて最適化します。全身用および頭部用の非シールド・シールド付き設計を扱っています。,,While20093dGradientToroidalSurfaces,literature/paper-notes/imported/gradient-and-shim-coil-design-papers-since-1990/2009-while-3d-gradient-toroidal-surfaces.md,gradient,other,toroidal,shielded-design,general-mri,background,P2,unknown,not-needed,source-located,kb/hardware/design-methods.md;kb/hardware/gradients.md;kb/hardware/shielding.md
gradient-and-shim-coil-design-papers-since-1990,G21,Gradient,2010 Oct,2010,3D gradient coil design for open MRI systems,P. T. While; L. K. Forbes; S. Crozier,"Journal of Magnetic Resonance, 207(1), 124–133",10.1016/j.jmr.2010.08.017,https://doi.org/10.1016/j.jmr.2010.08.017,https://www.sciencedirect.com/science/article/abs/pii/S1090780710002739,"An analytic inverse method is presented for obtaining three-dimensional gradient coil geometries appropriate for open MRI. The design uses Fourier-series representations and Tikhonov regularization, with objectives such as field accuracy, power minimization, and optional shielding. Streamlines of the optimized current density provide implementable winding paths.",開放型 MRI 用の三次元勾配コイル形状を求める解析的逆設計法です。Fourier 級数表現と Tikhonov 正則化を用い、磁場精度、電力最小化、任意の遮蔽条件を扱います。最適化された電流密度の流線から実装可能な巻線経路を得ます。,,While20103dGradientOpenSystems,literature/paper-notes/imported/gradient-and-shim-coil-design-papers-since-1990/2010-while-3d-gradient-open-systems.md,gradient,other,unspecified,none-or-unspecified,open-mri,direct,P2,unknown,not-needed,source-located,kb/hardware/design-methods.md;kb/hardware/gradients.md;kb/hardware/shielding.md
gradient-and-shim-coil-design-papers-since-1990,G22,Gradient,2010,2010,Theory of gradient coil design methods for magnetic resonance imaging,S. S. Hidalgo-Tobon,"Concepts in Magnetic Resonance Part A, 36A(4), 223–242",10.1002/cmr.a.20163,https://doi.org/10.1002/cmr.a.20163,,"This review explains the theoretical basis of MRI gradient-coil design methods. It emphasizes the competing requirements of efficiency, slew rate, low inductance, linearity, low power, low eddy-current interaction, and mechanical/acoustic constraints. It is a compact entry point to the two decades of gradient design literature preceding 2010.",MRI 勾配コイル設計法の理論的基礎を解説する総説です。効率、スルーレート、低インダクタンス、線形性、低消費電力、渦電流との低結合、機械・音響制約など、互いに競合する要求を整理しています。2010 年以前の勾配設計文献への導入として有用です。,,Tobon2010TheoryGradientMagneticResonanceImaging,literature/paper-notes/imported/gradient-and-shim-coil-design-papers-since-1990/2010-tobon-theory-gradient-magnetic-resonance-imaging.md,gradient,review,unspecified,none-or-unspecified,general-mri,bridge,P1,unknown,candidate,source-located,kb/hardware/design-methods.md;kb/hardware/gradients.md
gradient-and-shim-coil-design-papers-since-1990,G23,Gradient,2012 Sep,2012,A finite difference method for the design of gradient coils in MRI—An initial framework,X. Zhu; L. Xia; W. Liu; S. Crozier,"IEEE Transactions on Biomedical Engineering, 59(9), 2412–2421",10.1109/TBME.2012.2188290,https://doi.org/10.1109/TBME.2012.2188290,https://pubmed.ncbi.nlm.nih.gov/22345557/,"The paper introduces a finite-difference framework for representing continuous current density in MRI gradient-coil design. A stream function is used to extract winding patterns after solving a regularized linear system. The framework supports biplanar, cylindrical, and less conventional coil geometries in a unified discretized formulation.",有限差分法により、MRI 勾配コイル設計における連続電流密度を表現する枠組みを導入しています。正則化線形方程式を解いた後、stream function から巻線パターンを抽出します。バイプラナ、円筒、非標準形状を統一的な離散化形式で扱えます。,,Zhu2012FiniteDifferenceGradientInitialFramework,literature/paper-notes/imported/gradient-and-shim-coil-design-papers-since-1990/2012-zhu-finite-difference-gradient-initial-framework.md,gradient,finite-difference,biplanar,none-or-unspecified,general-mri,bridge,P1,unknown,candidate,source-located,kb/hardware/design-methods.md;kb/hardware/gradients.md
gradient-and-shim-coil-design-papers-since-1990,G24,Gradient,2013,2013,Theoretical design of gradient coils with minimum power dissipation: accounting for the discretization of current density into coil windings,P. T. While; J. G. Korvink; N. J. Shah; M. S. Poole,"Journal of Magnetic Resonance, 235, 85–94",10.1016/j.jmr.2013.07.017,https://doi.org/10.1016/j.jmr.2013.07.017,,This work studies the gap between continuous-current-density optimization and the discrete winding patterns actually manufactured. It focuses on minimum-power gradient-coil design while accounting for the effect of contouring the current density into finite wire paths. The paper is relevant when stream-function designs must be converted into practical windings without losing predicted performance.,連続電流密度として最適化された設計と、実際に製作される離散巻線との間の差を扱う論文です。最小消費電力の勾配コイル設計において、stream function の等高線化が性能に与える影響を考慮します。連続解を実用巻線へ変換する際に重要です。,,While2013TheoreticalGradientMinimumPowerDissipation,literature/paper-notes/imported/gradient-and-shim-coil-design-papers-since-1990/2013-while-theoretical-gradient-minimum-power-dissipation.md,gradient,minimum-power,unspecified,none-or-unspecified,general-mri,background,P2,unknown,not-needed,source-located,kb/hardware/design-methods.md;kb/hardware/gradients.md
gradient-and-shim-coil-design-papers-since-1990,G25,Gradient / Shim,2014 Jul,2014,Convex optimisation of gradient and shim coil winding patterns,M. S. Poole et al.,"Journal of Magnetic Resonance, 244, 36–45",10.1016/j.jmr.2014.04.015,https://doi.org/10.1016/j.jmr.2014.04.015,https://pubmed.ncbi.nlm.nih.gov/24880337/,"This paper combines boundary-element coil modeling with convex optimization to design both gradient and shim winding patterns. It compares cost functions and constraints, including lp-norm style regularization. Sparse or evenly distributed wire patterns can be encouraged, making the method useful when wire width, manufacturability, or local density constraints matter.",境界要素法によるコイルモデルと凸最適化を組み合わせ、勾配コイルとシムコイルの巻線パターンを設計します。lp ノルム型の正則化など、目的関数と制約を比較します。疎な巻線や均一な巻線分布を誘導でき、ワイヤ幅、製作性、局所密度制約が重要な場合に有用です。,,Poole2014ConvexOptimisationGradientShimWinding,literature/paper-notes/imported/gradient-and-shim-coil-design-papers-since-1990/2014-poole-convex-optimisation-gradient-shim-winding.md,gradient-and-b0-field-control,convex-optimization,unspecified,none-or-unspecified,general-mri,bridge,P1,unknown,candidate,source-located,kb/hardware/design-methods.md;kb/hardware/gradients.md;kb/hardware/b0-field-control.md
gradient-and-shim-coil-design-papers-since-1990,G26,Gradient,2016 Aug,2016,"Asymmetric gradient coil design for use in a short, open bore magnetic resonance imaging scanner",W. Wang et al.,"Journal of Magnetic Resonance, 269, 203–212",10.1016/j.jmr.2016.06.015,https://doi.org/10.1016/j.jmr.2016.06.015,https://www.sciencedirect.com/science/article/pii/S109078071630112X,"The paper addresses the reduced imaging volume of short-bore scanners by designing asymmetric gradients that place a full-size imaging region closer to the coil end. The optimized, connected coil layouts loosen geometric restrictions and improve electromagnetic performance for short open-bore MRI. The work is relevant to access-constrained magnet architectures.",短ボア MRI で撮像可能領域が制限される問題に対し、コイル端部近傍に十分な撮像領域を置ける非対称勾配設計を提案しています。接続された最適化巻線により、配置制約を緩和し電磁性能を改善します。アクセス制約の強い磁石構成に関係します。,,Wang2016AsymmetricGradientUseShortOpen,literature/paper-notes/imported/gradient-and-shim-coil-design-papers-since-1990/2016-wang-asymmetric-gradient-use-short-open.md,gradient,other,short-open-bore,none-or-unspecified,open-bore,direct,P2,unknown,not-needed,source-located,kb/hardware/design-methods.md;kb/hardware/gradients.md
gradient-and-shim-coil-design-papers-since-1990,G27,Gradient / Shim,2018 Mar,2018,Gradient and shim technologies for ultra high field MRI,S. A. M. Winkler et al.,"NeuroImage, 168, 59–70",10.1016/j.neuroimage.2016.11.033,https://doi.org/10.1016/j.neuroimage.2016.11.033,https://www.sciencedirect.com/science/article/pii/S1053811916306502,"This review covers gradient and shim technology for ultra-high-field MRI. It discusses modeling, construction, Lorentz forces, vibration and acoustic noise, eddy currents, peripheral nerve stimulation, and insert gradient concepts. It is a useful cross-reference because high-field systems make both gradient performance and B0 homogenization more demanding.",超高磁場 MRI における勾配・シム技術の総説です。モデリング、製作、Lorentz 力、振動・騒音、渦電流、末梢神経刺激、挿入型勾配コイルを扱います。高磁場では勾配性能と B0 均一化の要求が厳しくなるため、両者を同時に俯瞰できる文献です。,,Winkler2018GradientShimTechnologiesUltraHigh,literature/paper-notes/imported/gradient-and-shim-coil-design-papers-since-1990/2018-winkler-gradient-shim-technologies-ultra-high.md,gradient-and-b0-field-control,review,unspecified,eddy-current-mitigation,uhf,bridge,P1,unknown,candidate,source-located,kb/hardware/design-methods.md;kb/hardware/gradients.md;kb/hardware/b0-field-control.md;kb/hardware/shielding.md
gradient-and-shim-coil-design-papers-since-1990,G28,Gradient,2021 Jul,2021,Minimum electric-field gradient coil design: Theoretical limits and practical guidelines,P. B. Roemer; B. K. Rutt,"Magnetic Resonance in Medicine, 86(1), 569–580",10.1002/mrm.28681,https://doi.org/10.1002/mrm.28681,https://pubmed.ncbi.nlm.nih.gov/33604991/,"This paper incorporates induced electric-field calculations directly into gradient-coil design. The design objective constrains peak electric field while preserving imaging-field constraints, allowing exploration of theoretical limits related to peripheral nerve stimulation. Asymmetric winding solutions can reduce E-field exposure for a given gradient requirement.",誘導電場計算を勾配コイル設計に直接組み込んだ論文です。撮像に必要な勾配場制約を維持しながらピーク電場を制約し、末梢神経刺激に関係する理論限界を探索します。非対称巻線により、同じ勾配要求に対して電場曝露を下げられる可能性を示しています。,,Roemer2021MinimumElectricFieldGradientTheoretical,literature/paper-notes/imported/gradient-and-shim-coil-design-papers-since-1990/2021-roemer-minimum-electric-field-gradient-theoretical.md,gradient,other,unspecified,none-or-unspecified,general-mri,background,P2,unknown,not-needed,source-located,kb/hardware/design-methods.md;kb/hardware/gradients.md
gradient-and-shim-coil-design-papers-since-1990,G29,Gradient,2021,2021,Methods: Of Stream Functions and Thin Wires: An Intuitive Approach to Gradient Coil Design,S. Littin et al.,"Frontiers in Physics, 9, 699468",10.3389/fphy.2021.699468,https://doi.org/10.3389/fphy.2021.699468,https://www.frontiersin.org/articles/10.3389/fphy.2021.699468/full,This methods paper provides an intuitive and open-source-oriented route from surface current density to stream functions and thin-wire gradient windings. It demonstrates how inverse coil design can be implemented on simple surfaces and several topologies. The value is mainly pedagogical and reproducibility-oriented for stream-function based gradient design.,表面電流密度から stream function、さらに細線巻線へ変換する流れを、直感的かつオープンソース志向で説明した方法論文です。単純面や複数の表面トポロジーで逆問題型コイル設計を実装する例を示します。stream function 型勾配設計の教育・再現性に価値があります。,,Littin2021StreamFunctionsThinWiresIntuitive,literature/paper-notes/imported/gradient-and-shim-coil-design-papers-since-1990/2021-littin-stream-functions-thin-wires-intuitive.md,gradient,stream-function,unspecified,none-or-unspecified,general-mri,background,P2,unknown,not-needed,source-located,kb/hardware/design-methods.md;kb/hardware/gradients.md
gradient-and-shim-coil-design-papers-since-1990,G30,Gradient,2022,2022,A theoretical framework of gradient coil designed to mitigate eddy currents for a permanent magnet MRI system,P. Zhang; W. Wang; Y. Shi,"Technology and Health Care, 30(1_suppl)",10.3233/THC-THC228030,https://doi.org/10.3233/THC-THC228030,https://journals.sagepub.com/doi/10.3233/THC-THC228030,The authors develop a planar-gradient design framework for permanent-magnet MRI systems where active shielding may be geometrically difficult. A mirror-image magnetostatic model and finite-difference stream-function formulation are used to reduce eddy currents in conductive plates and pole pieces. The method aims at minimum power dissipation and magnetic energy under practical spacing constraints.,能動シールドを配置しにくい永久磁石 MRI 向けに、平面勾配コイルの渦電流低減設計枠組みを提案しています。磁気静的ミラーイメージモデルと有限差分 stream function を用い、導体板やポールピースの渦電流を抑えます。実装空間制約下で、消費電力と磁気エネルギーを小さくする設計です。,,Zhang2022TheoreticalFrameworkGradientDesignedMitigate,literature/paper-notes/imported/gradient-and-shim-coil-design-papers-since-1990/2022-zhang-theoretical-framework-gradient-designed-mitigate.md,gradient,minimum-power,planar,active-shielding,permanent-magnet,direct,P0,purchase-required,candidate,source-located,kb/hardware/design-methods.md;kb/hardware/gradients.md;kb/hardware/shielding.md
gradient-and-shim-coil-design-papers-since-1990,G31,Gradient,2023,2023,Gradient coil design with enhanced shielding constraint for a cryogen-free superconducting MRI system,W. Wang et al.,"Magnetic Resonance Letters, 4(1), 100086",10.1016/j.mrl.2023.09.001,https://doi.org/10.1016/j.mrl.2023.09.001,https://www.sciencedirect.com/science/article/pii/S2772528623000462,This paper proposes enhanced shielding constraints for gradient coils in cryogen-free superconducting MRI. Regionalized stray-field constraints are added so the optimized coil suppresses leakage in particularly sensitive regions without a large increase in winding complexity. The design is validated through a built gradient assembly and imaging assessment.,無冷媒超電導 MRI 用の勾配コイルに、強化された遮蔽制約を導入する研究です。敏感な領域ごとに漏洩磁場制約を設定し、巻線複雑性を大きく増やさずに外部磁場を低減します。勾配アセンブリの製作と画像評価により設計を検証しています。,,Wang2023GradientEnhancedShieldingConstraintCryogen,literature/paper-notes/imported/gradient-and-shim-coil-design-papers-since-1990/2023-wang-gradient-enhanced-shielding-constraint-cryogen.md,gradient,other,unspecified,none-or-unspecified,general-mri,background,P2,unknown,not-needed,source-located,kb/hardware/design-methods.md;kb/hardware/gradients.md;kb/hardware/shielding.md
gradient-and-shim-coil-design-papers-since-1990,G32,Gradient,2023 Sep,2023,A Stream Function Smoothing Method for the Design of MRI Gradient Coils on Non-Developable Surfaces,H. Yang; X. Ren; S. Zuo; W. Liu,"Sensors, 23(18), 7912",10.3390/s23187912,https://doi.org/10.3390/s23187912,https://www.mdpi.com/1424-8220/23/18/7912,"The paper addresses winding extraction on non-developable surfaces, where raw stream-function contours can be difficult to manufacture. A smoothing operator based on the Laplace–Beltrami framework is applied to implicit stream functions before contour extraction. The method balances field accuracy, power, wire spacing, and wire curvature on complex coil surfaces.",非可展面上の勾配コイルで、stream function の等高線が製作困難になりやすい問題を扱います。Laplace–Beltrami 型の平滑化作用素を stream function に適用してから等高線を抽出します。複雑曲面で、磁場精度、電力、ワイヤ間隔、曲率を同時に改善することを狙います。,,Yang2023StreamFunctionSmoothingGradientNon,literature/paper-notes/imported/gradient-and-shim-coil-design-papers-since-1990/2023-yang-stream-function-smoothing-gradient-non.md,gradient,stream-function,non-developable-surface,none-or-unspecified,general-mri,background,P2,unknown,not-needed,source-located,kb/hardware/design-methods.md;kb/hardware/gradients.md
gradient-and-shim-coil-design-papers-since-1990,G33,Gradient,2024 Jul,2024,Designing gradient coils with the shape derivative and the closed B-spline curves,T. Takahashi,"Magnetic Resonance Imaging, 110, 112–127",10.1016/j.mri.2024.03.042,https://doi.org/10.1016/j.mri.2024.03.042,https://www.sciencedirect.com/science/article/pii/S0730725X24000422,"This paper treats discrete gradient-coil design as a shape-optimization problem. The derivative of the Bz gradient with respect to coil shape is derived, and closed B-spline curves are used so their control points become nonlinear-programming variables. The approach offers a gradient-based alternative to purely contour-based or stochastic winding optimization.",離散勾配コイル設計を形状最適化問題として扱う論文です。コイル形状に対する Bz 勾配の形状微分を導出し、閉 B-spline 曲線の制御点を非線形計画問題の設計変数とします。等高線抽出や確率的探索に対する、勾配ベースの代替アプローチです。,,Takahashi2024DesigningGradientShapeDerivativeClosed,literature/paper-notes/imported/gradient-and-shim-coil-design-papers-since-1990/2024-takahashi-designing-gradient-shape-derivative-closed.md,gradient,shape-derivative,unspecified,none-or-unspecified,general-mri,background,P2,unknown,not-needed,source-located,kb/hardware/design-methods.md;kb/hardware/gradients.md
gradient-and-shim-coil-design-papers-since-1990,G34,Gradient,2025 Jun,2025,Design method of magnetic resonance biplanar gradient coil based on target field method and stream function,Q. Huang et al.,"Frontiers in Physics, 13, 1579043",10.3389/fphy.2025.1579043,https://doi.org/10.3389/fphy.2025.1579043,https://www.frontiersin.org/journals/physics/articles/10.3389/fphy.2025.1579043/full,"The authors combine a target-field point method with stream-function theory to design biplanar gradient coils. Inverse simulation is used to obtain a winding distribution, followed by solid modeling and orthogonal analysis. The design is iteratively adjusted for linearity, efficiency, and uniformity within the desired spherical volume.",ターゲットフィールド点法と stream function 理論を組み合わせ、バイプラナ勾配コイルを設計しています。逆解析で巻線分布を求めた後、ソリッドモデル化と直交分析を行います。DSV 内の線形性、効率、均一性を反復的に改善する設計手順です。,,Huang2025MagneticResonanceBiplanarGradientTarget,literature/paper-notes/imported/gradient-and-shim-coil-design-papers-since-1990/2025-huang-magnetic-resonance-biplanar-gradient-target.md,gradient,stream-function,biplanar,none-or-unspecified,general-mri,direct,P0,open-access,not-needed,verified,kb/hardware/design-methods.md;kb/hardware/gradients.md
gradient-and-shim-coil-design-papers-since-1990,G35,Gradient,2025 Oct,2025,Gradient coil design for a 0.23 T NICU MRI system using an improved two-step Target-Field Method with enhanced linearity and compact design,Jinhao Liu; Miutian Wang; Wenchen Wang; Yaohui Wang; Weimin Wang; Feng Liu,"Journal of Magnetic Resonance, 379, 107936",10.1016/j.jmr.2025.107936,https://doi.org/10.1016/j.jmr.2025.107936,https://www.sciencedirect.com/science/article/pii/S1090780725001089,This paper targets a compact neonatal intensive care unit MRI system at 0.23 T. It uses a two-step target-field method: a Tikhonov-regularized linear solve followed by nonlinear constrained optimization. The goal is to improve absolute and relative gradient linearity while accommodating compact geometry and finite gradient thickness.,0.23 T の NICU 向けコンパクト MRI を対象とする勾配コイル設計です。Tikhonov 正則化を伴う線形解法と、その後の制約付き非線形最適化からなる二段階ターゲットフィールド法を用います。小型形状と有限厚みを考慮しつつ、絶対・相対線形性を改善することを目指します。,,Liu2025Gradient023TNicu,literature/paper-notes/imported/gradient-and-shim-coil-design-papers-since-1990/2025-liu-gradient-0-23-t-nicu.md,gradient,target-field,unspecified,none-or-unspecified,nicu,direct,P0,purchase-required,candidate,source-located,kb/hardware/design-methods.md;kb/hardware/gradients.md
gradient-and-shim-coil-design-papers-since-1990,S01,Shim,1994 May,1994,Accurate Shim-Coil Design and Magnet-Field Profiling by a Power-Minimization-Matrix Method,D. I. Hoult; D. Deslauriers,"Journal of Magnetic Resonance, Series A, 108(1), 9–20",10.1006/jmra.1994.1082,https://doi.org/10.1006/jmra.1994.1082,https://www.sciencedirect.com/science/article/pii/S1064185884710820,This paper presents a power-minimization matrix method for designing shim coils that correct measured magnet inhomogeneity. The method uses basis functions and matrix optimization to obtain a current distribution that cancels unwanted field terms with minimum power. It also links shim-coil design with magnet-field profiling and practical correction strategies.,測定された磁石不均一を補正するシムコイルを、最小電力の行列法で設計する論文です。基底関数と行列最適化を用い、不要な磁場成分を最小電力で打ち消す電流分布を求めます。シムコイル設計と磁場プロファイリングを結びつける実用的な補正法です。,,Hoult1994AccurateShimMagnetFieldProfiling,literature/paper-notes/imported/gradient-and-shim-coil-design-papers-since-1990/1994-hoult-accurate-shim-magnet-field-profiling.md,b0-field-control,power-minimization,unspecified,none-or-unspecified,general-mri,background,P2,unknown,not-needed,source-located,kb/hardware/design-methods.md;kb/hardware/b0-field-control.md
gradient-and-shim-coil-design-papers-since-1990,S02,Shim,1995 Aug,1995,Shim coils for NMR and MRI solenoid magnets,P. Konzbul; K. Švéda,"Measurement Science and Technology, 6(8), 1116–1123",10.1088/0957-0233/6/8/005,https://doi.org/10.1088/0957-0233/6/8/005,,This paper treats shim-coil design for solenoidal NMR and MRI magnets. It belongs to the classical line of work in which specific harmonic correction fields are generated by tailored current distributions on cylindrical surfaces. It is useful for understanding the relation between conventional solenoid-magnet shims and later MRI-specific target-field methods.,NMR および MRI のソレノイド磁石向けシムコイル設計を扱う論文です。円筒面上の電流分布で特定の調和補正場を生成する古典的な設計系譜に属します。従来のソレノイド磁石用シムと、後の MRI 向けターゲットフィールド法との接続を理解するのに有用です。,,Konzbul1995ShimNmrSolenoidMagnets,literature/paper-notes/imported/gradient-and-shim-coil-design-papers-since-1990/1995-konzbul-shim-nmr-solenoid-magnets.md,b0-field-control,target-field,cylindrical,none-or-unspecified,general-mri,background,P2,unknown,not-needed,source-located,kb/hardware/design-methods.md;kb/hardware/b0-field-control.md
gradient-and-shim-coil-design-papers-since-1990,S03,Shim,2001 Aug,2001,Asymmetric zonal shim coils for magnetic resonance applications,L. K. Forbes; S. Crozier,"Medical Physics, 28(8), 1644–1651",10.1118/1.1388538,https://doi.org/10.1118/1.1388538,https://pubmed.ncbi.nlm.nih.gov/11548933/,"The authors give a systematic Fourier-series design method for asymmetric zonal shim coils on finite cylinders. A desired field is specified over a nonsymmetric axial portion of the coil, and the current density and winding patterns follow from calculated Fourier coefficients. The method supports head-only and asymmetric magnet systems.",有限円筒上の非対称 zonal シムコイルを、Fourier 級数により系統的に設計する方法です。コイル長の非対称な軸方向領域に目標場を指定し、Fourier 係数から電流密度と巻線パターンを得ます。頭部専用磁石や非対称磁石系に適用しやすい設計です。,,Forbes2001AsymmetricZonalShimMagneticResonance,literature/paper-notes/imported/gradient-and-shim-coil-design-papers-since-1990/2001-forbes-asymmetric-zonal-shim-magnetic-resonance.md,b0-field-control,other,head-only,none-or-unspecified,head-only,background,P2,unknown,not-needed,source-located,kb/hardware/design-methods.md;kb/hardware/b0-field-control.md
gradient-and-shim-coil-design-papers-since-1990,S04,Shim,2001 Dec,2001,A novel target-field method for finite-length magnetic resonance shim coils: I. Zonal shims,L. K. Forbes; S. Crozier,"Journal of Physics D: Applied Physics, 34(24), 3447–3455",10.1088/0022-3727/34/24/305,https://doi.org/10.1088/0022-3727/34/24/305,https://eurekamag.com/research/098/987/098987476.php,"This paper introduces a target-field method for genuinely finite-length magnetic resonance shim and gradient coils. A cylindrical target region can be placed asymmetrically inside a finite coil, and a desired field is specified on its surface. A regularized minimization produces the surface current density for zonal fields such as linear, quadratic, and cubic components.",有限長の磁気共鳴シム・勾配コイルを設計するターゲットフィールド法を導入しています。有限長コイル内の任意位置に円筒状ターゲット領域を置き、その表面上に目標磁場を指定します。正則化付き最小化により、線形、二次、三次などの zonal 成分を生成する表面電流密度を求めます。,,Forbes2001NovelTargetFieldFiniteLength,literature/paper-notes/imported/gradient-and-shim-coil-design-papers-since-1990/2001-forbes-novel-target-field-finite-length.md,b0-field-control,target-field,cylindrical,none-or-unspecified,general-mri,background,P2,unknown,not-needed,source-located,kb/hardware/design-methods.md;kb/hardware/b0-field-control.md
gradient-and-shim-coil-design-papers-since-1990,S05,Shim,2002 May,2002,A novel target-field method for finite-length magnetic resonance shim coils: II. Tesseral shims,L. K. Forbes; S. Crozier,"Journal of Physics D: Applied Physics, 35(9), 839–849",10.1088/0022-3727/35/9/303,https://doi.org/10.1088/0022-3727/35/9/303,,The second paper extends the finite-length target-field method to tesseral shim fields. It avoids assuming an ideal infinitely long geometry and allows asymmetric target regions and fields specified on more than one radius. The method provides winding patterns for higher-order tesseral shim terms in realistic finite coils.,有限長ターゲットフィールド法を tesseral シム場へ拡張した論文です。無限長コイル近似に依存せず、非対称ターゲット領域や複数半径上で指定した目標場を扱えます。現実的な有限長コイルで高次 tesseral シム項の巻線パターンを得る方法です。,,Forbes2002NovelTargetFieldFiniteLength,literature/paper-notes/imported/gradient-and-shim-coil-design-papers-since-1990/2002-forbes-novel-target-field-finite-length.md,b0-field-control,target-field,unspecified,none-or-unspecified,general-mri,background,P2,unknown,not-needed,source-located,kb/hardware/design-methods.md;kb/hardware/b0-field-control.md
gradient-and-shim-coil-design-papers-since-1990,S06,Shim,2002,2002,NMR shim coil design utilising a rapid spherical harmonic calculation method,C. J. Snape-Jenkinson; S. Crozier; L. K. Forbes,"The ANZIAM Journal, 43(3), 375–386",10.1017/S1446181100012578,https://doi.org/10.1017/S1446181100012578,https://www.cambridge.org/core/journals/anziam-journal/article/nmr-shim-coil-design-utilising-a-rapid-spherical-harmonic-calculation-method/7305DDB8F04A05445E7C034332076475,The paper uses a rapid spherical-harmonic calculation method to design shim coils from circular-arc conductors. Simulated annealing is used to locate current-carrying arcs so that undesired harmonic terms are minimized while the desired shim term remains. The method is flexible for both zonal and tesseral fields.,円弧状導体からなるシムコイルを、高速な球面調和関数計算法で設計します。シミュレーテッドアニーリングにより電流円弧の位置を決め、目的のシム項を保ちながら不要な調和成分を小さくします。zonal と tesseral の両方に対応できる柔軟な方法です。,,Jenkinson2002NmrShimUtilisingRapidSpherical,literature/paper-notes/imported/gradient-and-shim-coil-design-papers-since-1990/2002-jenkinson-nmr-shim-utilising-rapid-spherical.md,b0-field-control,simulated-annealing,unspecified,none-or-unspecified,general-mri,background,P2,unknown,not-needed,source-located,kb/hardware/design-methods.md;kb/hardware/b0-field-control.md
gradient-and-shim-coil-design-papers-since-1990,S07,Shim,2002,2002,Determining complicated winding patterns for shim coils using stream functions and the target-field method,M. A. Brideson; L. K. Forbes; S. Crozier,"Concepts in Magnetic Resonance, 14(1), 9–18",10.1002/cmr.10000,https://doi.org/10.1002/cmr.10000,,This paper combines stream functions with the target-field method to derive complicated shim-coil winding patterns. It is aimed at cases where desired field shapes and finite geometry make traditional simple harmonic windings inadequate. The stream-function representation provides a direct route from optimized surface current density to manufacturable contours.,stream function とターゲットフィールド法を組み合わせ、複雑なシムコイル巻線パターンを求める方法です。目標磁場形状や有限形状のために単純な調和巻線では不十分な場合を想定しています。最適化された表面電流密度から製作可能な等高線巻線へ直接変換できます。,,Brideson2002DeterminingComplicatedWindingPatternsShim,literature/paper-notes/imported/gradient-and-shim-coil-design-papers-since-1990/2002-brideson-determining-complicated-winding-patterns-shim.md,b0-field-control,stream-function,unspecified,none-or-unspecified,general-mri,background,P2,unknown,not-needed,source-located,kb/hardware/design-methods.md;kb/hardware/b0-field-control.md
gradient-and-shim-coil-design-papers-since-1990,S08,Shim,2003 Jan,2003,A novel target-field method for magnetic resonance shim coils: III. Shielded zonal and tesseral coils,L. K. Forbes; S. Crozier,"Journal of Physics D: Applied Physics, 36(2), 68–80",10.1088/0022-3727/36/2/302,https://doi.org/10.1088/0022-3727/36/2/302,,The third paper in the series adds active shielding to finite-length zonal and tesseral shim-coil design. Primary and shield winding patterns are designed so the desired target field is generated inside the target region while the field outside the shield is suppressed. The approach extends the finite-length target-field method to shielded shim hardware.,有限長 zonal/tesseral シムコイル設計に能動遮蔽を加えたシリーズ第 3 論文です。一次巻線とシールド巻線を同時に設計し、内部ターゲット領域では目標場を作り、シールド外側では磁場を抑制します。有限長ターゲットフィールド法をシールド付きシムハードウェアへ拡張しています。,,Forbes2003NovelTargetFieldMagneticResonance,literature/paper-notes/imported/gradient-and-shim-coil-design-papers-since-1990/2003-forbes-novel-target-field-magnetic-resonance.md,b0-field-control,target-field,unspecified,active-shielding,general-mri,background,P2,unknown,not-needed,source-located,kb/hardware/design-methods.md;kb/hardware/b0-field-control.md;kb/hardware/shielding.md
gradient-and-shim-coil-design-papers-since-1990,S09,Shim,2004 Sep,2004,Shim design using a linear programming algorithm,S. E. Ungersma et al.,"Magnetic Resonance in Medicine, 52(3), 619–627",10.1002/mrm.20176,https://doi.org/10.1002/mrm.20176,https://pubmed.ncbi.nlm.nih.gov/15334583/,"A linear-programming algorithm is introduced for designing resistive shim coils on arbitrary surfaces. The method can target shim fields of any order over an arbitrary ROI and tends to produce sparse, constructible current patterns. Examples include specialized knee and head-imaging magnet geometries.",任意面上の抵抗性シムコイルを線形計画法で設計する手法です。任意 ROI 上で任意次数のシム場を目標にでき、構成しやすい疎な電流パターンを得やすい点が特徴です。膝用磁石や頭部用磁石など、特殊形状の設計例を扱っています。,,Ungersma2004ShimLinearProgrammingAlgorithm,literature/paper-notes/imported/gradient-and-shim-coil-design-papers-since-1990/2004-ungersma-shim-linear-programming-algorithm.md,b0-field-control,linear-programming,unspecified,none-or-unspecified,general-mri,background,P2,unknown,not-needed,source-located,kb/hardware/design-methods.md;kb/hardware/b0-field-control.md
gradient-and-shim-coil-design-papers-since-1990,S10,Shim,2005 Feb,2005,Mitigation of susceptibility-induced signal loss in neuroimaging using localized shim coils,J. J. Hsu; G. H. Glover,"Magnetic Resonance in Medicine, 53(2), 243–248",10.1002/mrm.20365,https://doi.org/10.1002/mrm.20365,https://pubmed.ncbi.nlm.nih.gov/15678595/,The paper demonstrates localized resistive shim coils for reducing susceptibility-induced B0 inhomogeneity in neuroimaging. Coils placed close to problematic anatomy are optimized in situ for patient-specific correction. The approach improves field homogeneity and recovers signal in regions that are difficult for global spherical-harmonic shims.,神経画像で感受率由来の B0 不均一による信号低下を低減するため、局所抵抗シムコイルを用います。問題部位に近い位置へコイルを置き、被験者ごとの in situ 最適化を行います。全体的な球面調和シムでは補正しにくい領域の均一性改善と信号回復を狙います。,,Hsu2005MitigationSusceptibilityInducedSignalLoss,literature/paper-notes/imported/gradient-and-shim-coil-design-papers-since-1990/2005-hsu-mitigation-susceptibility-induced-signal-loss.md,b0-field-control,other,localized-array,none-or-unspecified,general-mri,background,P2,unknown,not-needed,source-located,kb/hardware/design-methods.md;kb/hardware/b0-field-control.md
gradient-and-shim-coil-design-papers-since-1990,S11,Shim,2010 Apr,2010,Quantitative Comparison of Minimum Inductance and Minimum Power Algorithms for the Design of Shim Coils for Small Animal Imaging,P. Hudson; S. D. Hudson; W. B. Handler; T. J. Scholl; B. A. Chronik,"Concepts in Magnetic Resonance Part B, 37B(2), 65–74",10.1002/cmr.b.20159,https://doi.org/10.1002/cmr.b.20159,https://pmc.ncbi.nlm.nih.gov/articles/PMC2857351/,"This paper compares minimum-inductance and minimum-power target-field algorithms for high-order shim sets designed for small-animal imaging. The authors evaluate inductive and resistive merits for multiple shim axes and compare continuous and discretized winding patterns. Minimum-power designs reduce dissipation, while minimum-inductance designs favor switching speed; the observed performance differences are generally modest.",小動物イメージング用の高次シムセットについて、最小インダクタンス法と最小電力法を定量比較しています。複数シム軸でインダクタンス指標と抵抗指標を評価し、連続解と離散巻線も比較します。最小電力設計は発熱・消費電力を下げ、最小インダクタンス設計は高速切替に有利ですが、性能差は比較的小さいとされています。,,Hudson2010QuantitativeComparisonMinimumInductanceMinimum,literature/paper-notes/imported/gradient-and-shim-coil-design-papers-since-1990/2010-hudson-quantitative-comparison-minimum-inductance-minimum.md,b0-field-control,target-field,unspecified,none-or-unspecified,small-animal,background,P2,unknown,not-needed,source-located,kb/hardware/design-methods.md;kb/hardware/b0-field-control.md
gradient-and-shim-coil-design-papers-since-1990,S12,Shim,2010 Jan,2010,Magnetic Field Homogenization of the Human Prefrontal Cortex with a Set of Localized Electrical Coils,C. Juchem et al.,"Magnetic Resonance in Medicine, 63(1), 171–180",10.1002/mrm.22164,https://doi.org/10.1002/mrm.22164,https://pubmed.ncbi.nlm.nih.gov/19918903/,"The authors use localized electrical coils to homogenize the human prefrontal cortex, where susceptibility gradients are strong. The local coils generate high-amplitude correction fields close to the target while minimizing undesired effects elsewhere. Combined with low-order spherical-harmonic shimming, the approach reduces signal dropout in high-field gradient-echo imaging.",感受率勾配の強いヒト前頭前野を均一化するため、局所電気コイルを用いる研究です。局所コイルはターゲット近傍で大きな補正場を生成し、他領域への影響を小さく保ちます。低次球面調和シムと組み合わせることで、高磁場 gradient-echo 画像の信号欠落を低減します。,,Juchem2010MagneticFieldHomogenizationHumanPrefrontal,literature/paper-notes/imported/gradient-and-shim-coil-design-papers-since-1990/2010-juchem-magnetic-field-homogenization-human-prefrontal.md,b0-field-control,other,localized-array,none-or-unspecified,general-mri,background,P2,unknown,not-needed,source-located,kb/hardware/design-methods.md;kb/hardware/b0-field-control.md
gradient-and-shim-coil-design-papers-since-1990,S13,Shim / Encoding,2010 Jun,2010,Magnetic field modeling with a set of individual localized coils,C. Juchem; T. W. Nixon; A. C. McIntyre; R. A. de Graaf,"Journal of Magnetic Resonance, 204(2), 281–289",10.1016/j.jmr.2010.03.008,https://doi.org/10.1016/j.jmr.2010.03.008,https://pubmed.ncbi.nlm.nih.gov/20347360/,"This paper models magnetic fields generated by many independent localized coils. The same basis of individual coil fields can synthesize shim fields and, in some cases, spatial-encoding gradients. The study anticipates multi-coil field control, where the effective volume and correction field can be adapted by optimizing currents rather than by relying only on fixed spherical-harmonic hardware.",多数の独立した局所コイルが生成する磁場をモデル化しています。個別コイル場の基底を使って、シム場だけでなく場合によっては空間エンコード勾配も合成できます。固定的な球面調和ハードウェアだけでなく、電流最適化により有効体積や補正場を変えられる multi-coil field control の基礎となる研究です。,,Juchem2010MagneticFieldModelingSetIndividual,literature/paper-notes/imported/gradient-and-shim-coil-design-papers-since-1990/2010-juchem-magnetic-field-modeling-set-individual.md,b0-field-control,other,localized-array,none-or-unspecified,general-mri,background,P2,unknown,not-needed,source-located,kb/hardware/design-methods.md;kb/hardware/b0-field-control.md
gradient-and-shim-coil-design-papers-since-1990,S14,Shim,2011 Sep,2011,Multicoil shimming of the mouse brain,C. Juchem et al.,"Magnetic Resonance in Medicine, 66(3), 893–900",10.1002/mrm.22850,https://doi.org/10.1002/mrm.22850,https://pubmed.ncbi.nlm.nih.gov/21394781/,A 48-coil local shim array is used for static and dynamic shimming of the mouse brain at high field. The multi-coil basis reduces residual B0 distortions more effectively than conventional second-order spherical-harmonic shimming. The paper demonstrates improved gradient-echo signal recovery and localized correction flexibility.,高磁場でマウス脳の静的・動的シミングを行うため、48 個の局所コイルアレイを用います。multi-coil 基底は従来の 2 次球面調和シムより残留 B0 歪みを低減します。gradient-echo 信号の回復と、局所補正の柔軟性を示しています。,,Juchem2011MulticoilShimmingMouseBrain,literature/paper-notes/imported/gradient-and-shim-coil-design-papers-since-1990/2011-juchem-multicoil-shimming-mouse-brain.md,b0-field-control,multicoil,localized-array,none-or-unspecified,general-mri,background,P2,unknown,not-needed,source-located,kb/hardware/design-methods.md;kb/hardware/b0-field-control.md
gradient-and-shim-coil-design-papers-since-1990,S15,Shim,2011 Oct,2011,Dynamic multi-coil shimming of the human brain at 7 T,C. Juchem et al.,"Journal of Magnetic Resonance, 212(2), 280–288",10.1016/j.jmr.2011.07.005,https://doi.org/10.1016/j.jmr.2011.07.005,https://pubmed.ncbi.nlm.nih.gov/21840753/,"The authors demonstrate dynamic slice-specific shimming of the human brain at 7 T using an array of 48 localized coils. Non-orthogonal coil basis fields are optimized for each slice, reducing B0 inhomogeneity beyond what is possible with dynamic low-order spherical-harmonic shims. The paper is central for multi-coil B0 control at ultra-high field.",7 T ヒト脳で、48 個の局所コイルアレイによるスライスごとの動的シミングを示しています。非直交のコイル基底場を各スライスで最適化し、低次球面調和シムの動的補正を超える B0 均一化を実現します。超高磁場における multi-coil B0 制御の中心的文献です。,,Juchem2011DynamicMultiShimmingHumanBrain,literature/paper-notes/imported/gradient-and-shim-coil-design-papers-since-1990/2011-juchem-dynamic-multi-shimming-human-brain.md,b0-field-control,other,localized-array,none-or-unspecified,human-brain;uhf,background,P2,unknown,not-needed,source-located,kb/hardware/design-methods.md;kb/hardware/b0-field-control.md
gradient-and-shim-coil-design-papers-since-1990,S16,Shim,2010 Jan,2010,A novel approach to designing cylindrical-surface shim coils for a superconducting magnet of magnetic resonance imaging,W.-T. Liu; D.-L. Zu; X. Tang,"Chinese Physics B, 19(1), 018701",10.1088/1674-1056/19/1/018701,https://doi.org/10.1088/1674-1056/19/1/018701,https://cpb.iphy.ac.cn/EN/10.1088/1674-1056/19/1/018701,This paper designs finite-length cylindrical gradient and shim coils by relating harmonic terms in cylindrical current distributions to spherical-harmonic field components. The method uses matrix inversion and stream functions to obtain discrete wire distributions without specifying target-field points. It is intended for pure-harmonic shim fields in superconducting MRI magnets.,円筒面上の電流分布の調和成分と、磁場の球面調和成分を関係づけ、有限長の円筒勾配・シムコイルを設計します。ターゲットフィールド点を設定せず、行列反転と stream function から離散巻線分布を得ます。超電導 MRI 磁石の純調和シム場生成を目的とした方法です。,,Liu2010NovelDesigningCylindricalSurfaceShim,literature/paper-notes/imported/gradient-and-shim-coil-design-papers-since-1990/2010-liu-novel-designing-cylindrical-surface-shim.md,b0-field-control,stream-function,cylindrical,none-or-unspecified,general-mri,background,P2,unknown,not-needed,source-located,kb/hardware/design-methods.md;kb/hardware/b0-field-control.md
gradient-and-shim-coil-design-papers-since-1990,S17,Shim,2010 Feb,2010,A novel target-field approach to design bi-planar shim coils for permanent-magnet MRI,W. Liu; X. Tang; D. Zu,"Concepts in Magnetic Resonance Part B, 37B(1), 29–38",10.1002/cmr.b.20153,https://doi.org/10.1002/cmr.b.20153,https://www.ovid.com/journals/cimrb/fulltext/10.1002/cmr.b.20153~a-novel-targetfield-approach-to-design-biplanar-shim-coils,"The paper adapts target-field design to biplanar shim coils for permanent-magnet MRI. It focuses on the open, planar geometry often used in permanent magnets and derives winding patterns that generate desired shim fields over the imaging region. The method is relevant to compact low-field systems where conventional cylindrical shims are unsuitable.",永久磁石 MRI 用のバイプラナ・シムコイルにターゲットフィールド設計を適用した論文です。永久磁石でよく用いられる開放的な平面形状を対象とし、撮像領域に必要なシム場を作る巻線パターンを導出します。従来の円筒シムが適さないコンパクト低磁場系に関係します。,,Liu2010NovelTargetFieldBiPlanar,literature/paper-notes/imported/gradient-and-shim-coil-design-papers-since-1990/2010-liu-novel-target-field-bi-planar.md,b0-field-control,target-field,biplanar,none-or-unspecified,permanent-magnet,direct,P0,purchase-required,candidate,source-located,kb/hardware/design-methods.md;kb/hardware/b0-field-control.md
gradient-and-shim-coil-design-papers-since-1990,S18,Shim,2017 Jul,2017,Theory and development of biplanar active shim coils for a permanent NMR analyzer,T. Xia; Z. Miao; S. Chen; H. Wang; Y. Yao,"PLOS ONE, 12(7), e0181552",10.1371/journal.pone.0181552,https://doi.org/10.1371/journal.pone.0181552,https://journals.plos.org/plosone/article?id=10.1371/journal.pone.0181552,The authors derive biplanar active shim-coil fields from scalar and vector potential formulations and include sine and cosine harmonic components. They design and fabricate nine biplanar shim coils for a permanent NMR analyzer. Experimental shimming demonstrates that the developed harmonic-field design procedure is practical.,スカラー・ベクトルポテンシャルからバイプラナ能動シムコイルの磁場式を導き、sin/cos 調和成分を含めて扱います。永久磁石 NMR アナライザ用に 9 個のバイプラナシムコイルを設計・製作しています。実験的シミングにより、調和場に基づく設計手順の実用性を示しています。,,Xia2017TheoryDevelopmentBiplanarActiveShim,literature/paper-notes/imported/gradient-and-shim-coil-design-papers-since-1990/2017-xia-theory-development-biplanar-active-shim.md,b0-field-control,active-shimming,biplanar,none-or-unspecified,nmr-analyzer,direct,P0,open-access,not-needed,verified,kb/hardware/design-methods.md;kb/hardware/b0-field-control.md
gradient-and-shim-coil-design-papers-since-1990,S19,Shim,2018 Nov,2018,Design of biplanar shim coils for ultra-low field MRI,Y. He; W. He; B. Xiong; P. Guo; Z. Xu,"International Journal of Applied Electromagnetics and Mechanics, 58(3)",10.3233/JAE-180025,https://doi.org/10.3233/JAE-180025,https://journals.sagepub.com/doi/full/10.3233/JAE-180025,"This paper designs first- and second-order biplanar active shim coils for a 50 mT ultra-low-field MRI system. The measured main field is expanded in orthogonal spherical harmonics, and harmonic coefficients guide the required shim terms. The work is directly relevant to low-field systems where magnet homogeneity strongly affects signal-to-noise ratio.",50 mT の超低磁場 MRI 用に、1 次および 2 次のバイプラナ能動シムコイルを設計します。測定された主磁場を直交球面調和関数で展開し、その係数から必要なシム項を決めます。磁場均一性が SNR に直結する低磁場 MRI に直接関係する論文です。,,He2018BiplanarShimUltraLowField,literature/paper-notes/imported/gradient-and-shim-coil-design-papers-since-1990/2018-he-biplanar-shim-ultra-low-field.md,b0-field-control,spherical-harmonic,biplanar,none-or-unspecified,ultra-low-field;low-field,direct,P0,open-access,not-needed,verified,kb/hardware/design-methods.md;kb/hardware/b0-field-control.md
gradient-and-shim-coil-design-papers-since-1990,S20,Shim,2020 Apr,2020,Design of a shim coil array matched to the human brain anatomy,F. Jia et al.,"Magnetic Resonance in Medicine, 83(4), 1442–1457",10.1002/mrm.28016,https://doi.org/10.1002/mrm.28016,https://pubmed.ncbi.nlm.nih.gov/31559670/,"The authors design multi-channel shim coil arrays whose geometry is matched to human brain anatomy and measured B0 field-map statistics. Stream-function methods and singular-value decomposition are used with cross-validation over many subjects and head positions. The resulting arrays outperform high-order spherical-harmonic shims with fewer, anatomically optimized elements.",ヒト脳の形状と実測 B0 field map の統計に合わせた多チャネルシムコイルアレイを設計しています。stream function 法と特異値分解を用い、多数被験者・頭位で交差検証します。解剖学的に最適化された少数要素で、高次球面調和シムを上回る性能を示します。,,Jia2020ShimArrayMatchedHumanBrain,literature/paper-notes/imported/gradient-and-shim-coil-design-papers-since-1990/2020-jia-shim-array-matched-human-brain.md,b0-field-control,other,array,none-or-unspecified,human-brain,background,P2,unknown,not-needed,source-located,kb/hardware/design-methods.md;kb/hardware/b0-field-control.md
gradient-and-shim-coil-design-papers-since-1990,S21,Shim,2020 Apr,2020,The orthogonal shim coil for 3-Tesla brain imaging,Y. Zhou et al.,"Magnetic Resonance in Medicine, 83(4), 1499–1511",10.1002/mrm.28010,https://doi.org/10.1002/mrm.28010,https://pubmed.ncbi.nlm.nih.gov/31631369/,"This paper proposes an orthogonal shim-coil array for 3 T brain imaging, with coil planes arranged to reduce interaction with neighboring RF coils. Simulation and experiment show improved B0 homogeneity while limiting RF-performance penalties. It is an example of shim-array design under simultaneous electromagnetic and receive-array constraints.",3 T 脳 MRI 用に、隣接 RF コイルとの干渉を抑える直交配置のシムコイルアレイを提案しています。シミュレーションと実験により、RF 性能低下を抑えながら B0 均一性を改善できることを示します。シムアレイ設計を RF 受信アレイ制約と同時に考える例です。,,Zhou2020OrthogonalShim3TeslaBrain,literature/paper-notes/imported/gradient-and-shim-coil-design-papers-since-1990/2020-zhou-orthogonal-shim-3-tesla-brain.md,b0-field-control,other,array,none-or-unspecified,general-mri,background,P2,unknown,not-needed,source-located,kb/hardware/design-methods.md;kb/hardware/b0-field-control.md
gradient-and-shim-coil-design-papers-since-1990,S22,Shim,2021 Jan,2021,A fieldmap-driven few-channel shim coil design for MRI of the human brain,L. Pinho Meneses; A. Amadon,"Physics in Medicine & Biology, 66(1), 015001",10.1088/1361-6560/abc810,https://doi.org/10.1088/1361-6560/abc810,https://iopscience.iop.org/article/10.1088/1361-6560/abc810,"This paper designs a small number of shim coils from measured human-brain B0 field maps. Subject-specific stream functions are computed under low-power constraints, and principal component analysis extracts dominant correction modes. The resulting few-channel coils can outperform many conventional spherical-harmonic channels in difficult regions such as the prefrontal cortex.",ヒト脳の実測 B0 field map から、少数チャネルのシムコイルを設計します。低電力制約下で被験者ごとの stream function を求め、主成分分析で支配的な補正モードを抽出します。前頭前野など難しい領域では、多数の従来球面調和チャネルを上回る可能性があります。,,Meneses2021FieldmapDrivenFewChannelShim,literature/paper-notes/imported/gradient-and-shim-coil-design-papers-since-1990/2021-meneses-fieldmap-driven-few-channel-shim.md,b0-field-control,stream-function,unspecified,none-or-unspecified,human-brain,background,P2,unknown,not-needed,source-located,kb/hardware/design-methods.md;kb/hardware/b0-field-control.md
gradient-and-shim-coil-design-papers-since-1990,S23,Gradient / Shim,2022 Oct,2022,Systematic dimensional analysis of the scaling relationship for gradient and shim coil design parameters,S.-K. Lee; M. A. Bernstein,"Magnetic Resonance in Medicine, 88(4), 1901–1911",10.1002/mrm.29316,https://doi.org/10.1002/mrm.29316,https://pubmed.ncbi.nlm.nih.gov/35666832/,"The paper derives scaling relationships for gradient and shim coil design parameters using dimensional analysis. For gradients and higher-order shims, it relates inductance, efficiency, and characteristic coil dimension, extending the design figure-of-merit concept to l-th order shim fields. It is useful when comparing coils across different scales and harmonic orders.",次元解析により、勾配コイルおよびシムコイルの設計パラメータのスケーリング関係を導きます。勾配および高次シムについて、インダクタンス、効率、代表寸法の関係を整理し、l 次シム場に対する figure-of-merit を拡張しています。異なるサイズや調和次数のコイル比較に有用です。,,Lee2022SystematicDimensionalAnalysisScalingRelationship,literature/paper-notes/imported/gradient-and-shim-coil-design-papers-since-1990/2022-lee-systematic-dimensional-analysis-scaling-relationship.md,gradient-and-b0-field-control,scaling-analysis,unspecified,none-or-unspecified,general-mri,bridge,P1,unknown,candidate,source-located,kb/hardware/design-methods.md;kb/hardware/gradients.md;kb/hardware/b0-field-control.md
gradient-and-shim-coil-design-papers-since-1990,S24,Shim,2022,2022,Improving brain B0 shimming using an easy and accessible multi-coil shim array at ultra-high field,A. Boër et al.,"MAGMA, 35, 943–951",10.1007/s10334-022-01014-6,https://doi.org/10.1007/s10334-022-01014-6,https://link.springer.com/article/10.1007/s10334-022-01014-6,The paper presents a relatively simple multi-coil shim array for ultra-high-field brain MRI. The design aims at accessibility and practical construction rather than maximum channel count. Static and slice-based shimming tests show measurable improvements over conventional second-order shimming.,超高磁場脳 MRI 用に、比較的簡単で構成しやすい multi-coil シムアレイを提案しています。最大チャネル数よりも、アクセス性と製作容易性を重視した設計です。静的シムおよびスライス単位シムで、従来の 2 次シムに対する改善を示しています。,,Boer2022ImprovingBrainB0ShimmingEasy,literature/paper-notes/imported/gradient-and-shim-coil-design-papers-since-1990/2022-boer-improving-brain-b0-shimming-easy.md,b0-field-control,other,array,none-or-unspecified,general-mri,background,P2,unknown,not-needed,source-located,kb/hardware/design-methods.md;kb/hardware/b0-field-control.md
gradient-and-shim-coil-design-papers-since-1990,S25,Shim / Encoding,2023 Sep,2023,Design and realization of a multi-coil array for B0 field control in a compact 1.5T head-only MRI scanner,J. Theilenberg et al.,"Magnetic Resonance in Medicine, 90(3), 1228–1241",10.1002/mrm.29692,https://doi.org/10.1002/mrm.29692,https://pubmed.ncbi.nlm.nih.gov/37078562/,"This work designs and realizes a 31-channel multi-coil array for B0 field generation, image encoding, and advanced shimming in a compact 1.5 T head-only scanner. The design is evaluated in simulation and bench tests, including gradient strength, cooling, and duty-cycle considerations. It demonstrates how multi-coil hardware can blur the line between shimming and encoding.",コンパクトな 1.5 T 頭部専用 MRI に対し、B0 場生成、画像エンコード、高度シミングを担う 31 チャネル multi-coil アレイを設計・実装しています。シミュレーションとベンチ試験で、勾配強度、冷却、デューティ比を評価しています。multi-coil ハードウェアがシムとエンコードの境界を曖昧にできることを示します。,,Theilenberg2023RealizationMultiArrayB0Field,literature/paper-notes/imported/gradient-and-shim-coil-design-papers-since-1990/2023-theilenberg-realization-multi-array-b0-field.md,b0-field-control,other,head-only,none-or-unspecified,head-only,background,P2,unknown,not-needed,source-located,kb/hardware/design-methods.md;kb/hardware/b0-field-control.md
gradient-and-shim-coil-design-papers-since-1990,S26,Shim,2025,2025,Passive shimming method for permanent magnet MRI based on dynamic target magnetic field,Xin Liu; Jianli Meng; Chuangxin Huang; Qi Chen,"Physics Open, article 100296",10.1016/j.physo.2025.100296,https://doi.org/10.1016/j.physo.2025.100296,https://www.sciencedirect.com/science/article/pii/S2666032625000468,"This paper proposes a passive-shimming optimization method for permanent-magnet MRI based on a dynamic target magnetic field. Instead of fixing all target values rigidly, the approach updates target field values to enlarge the feasible solution space. An optimization model and revised simplex-style solution are used to place correction pieces more effectively.",永久磁石 MRI 向けに、動的ターゲット磁場に基づく受動シミング最適化を提案しています。ターゲット磁場値を固定しすぎず、動的に更新することで実行可能解空間を広げます。最適化モデルと改良 simplex 系の解法により、補正片配置を効率化する設計です。,,Liu2025PassiveShimmingPermanentMagnetDynamic,literature/paper-notes/imported/gradient-and-shim-coil-design-papers-since-1990/2025-liu-passive-shimming-permanent-magnet-dynamic.md,b0-field-control,passive-shimming,unspecified,passive-shimming,permanent-magnet,direct,P0,open-access,not-needed,verified,kb/hardware/design-methods.md;kb/hardware/b0-field-control.md
gradient-and-shim-coil-design-papers-since-1990,S27,Shim,2025 Dec,2025,Passive shimming performance in 3 T MRI systems: Influence of shim parameters under varying magnet field distributions,Jinhao Liu; Miutian Wang; Wenchen Wang; Yaohui Wang; Wenhui Yang; Weimin Wang; Feng Liu,"Journal of Magnetic Resonance, 381, 107969",10.1016/j.jmr.2025.107969,https://doi.org/10.1016/j.jmr.2025.107969,https://www.sciencedirect.com/science/article/abs/pii/S1090780725001417,This paper analyzes passive-shimming performance for 3 T MRI systems under different initial magnet field distributions. It combines optimization and sampling of shim parameters to study how slot configuration and correction-piece design affect residual harmonics. The result is relevant when passive shimming must be robust across magnet-field error patterns.,3 T MRI における受動シミング性能を、異なる初期磁場分布の下で解析しています。シムパラメータの最適化とサンプリングを組み合わせ、スロット構成や補正片設計が残留調和成分に与える影響を調べます。磁石誤差パターンに対して頑健な受動シミングを検討する際に有用です。,,Liu2025PassiveShimmingPerformance3T,literature/paper-notes/imported/gradient-and-shim-coil-design-papers-since-1990/2025-liu-passive-shimming-performance-3-t.md,b0-field-control,passive-shimming,unspecified,passive-shimming,general-mri,background,P2,unknown,not-needed,source-located,kb/hardware/design-methods.md;kb/hardware/b0-field-control.md
